"county","subcounty","pop12_total","pop12_0_1","pop12_2_4","pop12_5_9","pop12_10_14","pop12_15_19","pop12_20_24","pop12_25_29","pop12_30_34","pop12_35_39","pop12_40_44","pop12_45_49","pop12_50_54","pop12_55_59","pop12_60_64","pop12_65_69","pop12_70_74","pop12_75_79","pop12_80p"
"Kericho","Ainamoi",173496.780883789,10250.9821479165,16452.2280401802,25167.4163481847,22636.7847239373,18746.3287995781,16972.9205551481,14392.7608272077,11327.737329609,9030.84004874255,6636.87829523389,5722.28089457742,4299.11673200861,3200.95152582574,2669.63492688668,1756.87639645629,1525.50246106723,982.415294275227,1725.12553695379
"Nandi","Aldai",176393.834358215,10422.1532975863,16726.9477448517,25587.6624795678,23014.7743068002,19059.3554546255,17256.3347961211,14633.0914981784,11516.8881635378,9181.6372359118,6747.70105071446,5817.83168037777,4370.90348794716,3254.40109239478,2714.21255594118,1786.2127613304,1550.97533833082,998.819688795467,1753.93172520232
"Siaya","Alego Usonga",212659.947369099,12564.920876069,20165.964643878,30848.4192545687,27746.5519733337,22977.9093051438,20804.1922943536,17641.6170053332,13884.730379748,11069.3579424435,8135.01081558933,7013.96272411034,5269.54986314671,3923.49748246391,3272.24758957748,2153.45345372524,1869.85182912002,1204.17441586485,2114.53552062971
"Migori","Awendo",124077.047363281,7331.03859914915,11765.8890693785,17998.597405313,16188.8041728318,13406.5261297896,12138.2647959613,10293.0513047501,8101.08518443426,6458.44817840503,4746.39505348316,4092.31637593353,3074.53376172438,2289.17569567746,1909.20210495351,1256.43850418498,1090.97033472583,702.578966464204,1233.73172612116
"Garissa","Balambala",75681.4783841372,4471.60736868868,7176.66883760685,10978.3436132773,9874.45026382679,8177.38444828841,7403.80146286702,6278.30333152975,4941.30152435635,3939.36603583041,2895.08980328191,2496.13091162193,1875.3288007247,1396.29532303955,1164.52833870182,766.371585367155,665.443364102183,428.541909995077,752.521461031272
"Kericho","Belgut",146187.919254526,8637.4498874591,13862.6029373184,21205.997080821,19073.6937051392,15795.6060447435,14301.3370449302,12127.3014227675,9544.72089707854,7609.36144821273,5592.21573670376,4821.57843567439,3622.42415382694,2697.11311536379,2249.42718327541,1480.33930933489,1285.38425592146,827.780475132363,1453.58612082287
"Kisii","Bobasi",208928.062835693,12344.4240948886,19812.0801795642,30307.0726581815,27259.6388077581,22574.679146354,20439.1078277495,17332.0313101379,13641.072788388,10875.1061982331,7992.2527578668,6890.87749188011,5177.07663593313,3854.64559120368,3214.82422274186,2115.66335861429,1837.03854572001,1183.04283968567,2077.42838079261
"Kisii","Bomachoge Borabu",111438.538909912,6584.29780158613,10567.4136734468,16165.2573130894,14539.8099169545,12040.9351730225,10901.8591472693,9244.59940578477,7275.90731503217,5800.58958462797,4262.92647261952,3675.47235675192,2761.36124703718,2055.99988277825,1714.73046450581,1128.45747148207,979.843916981237,631.014157375711,1108.06360956678
"Kisii","Bomachoge Chache",107743.579071045,6365.98269998857,10217.0306775279,15629.2670072123,14057.7144566816,11641.6947278235,10540.3869661713,8938.07687000025,7034.66056517935,5608.25984155518,4121.58091778319,3553.60497693961,2669.80298534232,1987.82923849403,1657.87526644948,1091.04128604226,947.355300771627,610.091665102687,1071.32362197982
"Bomet","Bomet Central",153811.655395508,9087.89503510699,14585.5411086821,22311.8950727688,20068.3915487326,16619.3508061855,15047.1553085035,12759.7431910121,10042.4804522436,8006.19152951056,5883.85117031197,5073.0249434575,3811.33446926425,2837.76823131845,2366.7353671602,1557.53937040042,1352.41736273965,870.949431618283,1529.39099649151
"Bomet","Bomet East",134847.769485474,7967.42205037136,12787.2473655329,19560.9966996342,17594.1012438175,14570.3027559782,13191.9478093886,11186.5573781848,8804.31385777854,7019.08491298589,5158.41406336127,4447.55695795857,3341.42396830609,2487.89154063813,2074.93368693864,1365.50581582545,1185.67389649325,763.567545556738,1340.8279367239
"Kisii","Bonchari",123213.738098145,7280.03034516334,11684.0237988711,17873.3658961044,16076.1649302734,13313.2455556053,12053.8085916615,10221.4338158854,8044.71906317332,6413.51127613903,4713.37035703249,4063.84265965571,3053.14162241356,2273.24795860118,1895.91816645522,1247.69639575488,1083.37952870673,697.690528641676,1225.14760800675
"Siaya","Bondo",166704.195095241,9849.6451588271,15808.1055970639,24182.0848985156,21750.5302272776,18012.3898415017,16308.4124394022,13829.2687430615,10884.2442157336,8677.27293665402,6377.03736355272,5498.24743594731,4130.80168277026,3075.63082688598,2565.11584490367,1688.09279377493,1465.77739709396,943.952677664398,1657.58501461048
"Nyamira","Borabu",148067.446884155,8748.50096333323,14040.8334325066,21478.641069671,19318.9228218863,15998.6890227298,14485.2083131831,12283.2212704072,9667.4366914796,7707.19446450219,5664.11445474817,4883.56912501784,3668.99740227368,2731.7897059221,2278.34790780152,1499.37192603337,1301.91034943188,838.423189538673,1472.27477368874
"Busia","Budalangi",77395.1753053665,4572.86040898704,7339.17405756654,11226.9322250745,10098.0428174773,8362.54941667885,7571.44977052703,6420.46637220366,5053.19010515514,4028.56724584025,2960.64489798268,2552.65216291832,1917.79289181688,1427.91239827788,1190.89738792398,783.724954439774,680.511360508466,438.245617790646,769.561214197597
"Bungoma","Bumula",202000.420013428,11935.1073194624,19155.1506451243,29302.1498559755,26355.7629063546,21826.1472745194,19761.3872921996,16757.3353086946,13188.7616976333,10514.5091086271,7727.24540700984,6662.38957432701,5005.41497731984,3726.8331398755,3108.22698707498,2045.51213104962,1776.12596785588,1143.81547058291,2008.54494974158
"Tana River","Bura",127772.185391806,7549.36422900547,12116.2889625383,18534.6135593545,16670.9228821869,13805.7858283828,12499.7544090768,10599.5886226022,8342.34356842593,6650.78719659112,4887.74742471728,4214.18963280749,3166.09643882185,2357.34962749505,1966.06004485515,1293.85649402257,1123.46051770089,723.502467725663,1270.4734854962
"Kericho","Buret",190293.317672729,11243.3982486254,18044.9979586146,27603.9193911893,24828.2927476718,20561.1947569505,18616.0996566165,15786.1500042123,12424.3960446757,9905.13198857594,7279.40647288511,6276.26524560004,4715.32198942775,3510.84142573782,2928.0871070025,1926.96277429211,1673.18911022816,1077.52469370186,1892.13805672148
"Kakamega","Butere",164959.596893311,9746.56632974352,15642.6700926676,23929.0137516931,21522.9058660319,17823.8859894421,16137.7411074549,13684.542226915,10770.3380667175,8586.46325574411,6310.30018329317,5440.70699681775,4087.57188171952,3043.44363443218,2538.27131055824,1670.42650978593,1450.43769547495,934.073993188465,1640.23800163109
"Busia","Butula",136718.781677246,8077.96999528819,12964.6703649003,19832.4054403785,17838.2193190074,14772.4656408243,13374.9860255842,11341.7708112168,8926.47367273837,7116.47468441028,5229.98703516186,4509.2667906365,3387.78621075499,2522.41102451318,2103.72338246118,1384.45220284463,1202.12511644497,774.16204179816,1359.43191828215
"Mombasa","Changamwe",121039.72857666,7151.57993426454,11477.8683864952,17558.0044093182,15792.5136413276,13078.3438064456,11841.1286173915,10041.0846536737,7902.77632114662,6300.34991283901,4630.20664337004,3992.13935146721,2999.27133927775,2233.13828590577,1862.46618123465,1225.68177395895,1064.26414882178,685.380327882174,1203.53084183974
"Bomet","Chepalungu",191955.476629257,11341.6061906032,18202.6159734996,27845.0319137544,25045.1609470944,20740.7910477722,18778.7060852515,15924.0376134016,12532.9196723977,9991.6505487217,7342.99005435339,6331.08666875406,4756.50900941087,3541.5076445631,2953.66312969169,1943.79425567756,1687.80394956957,1086.93657081042,1908.66535392997
"Trans Nzoia","Cherangany",230032.762206078,13591.3861156299,21813.3814428631,33368.5171025803,30013.2491852948,24855.0421110045,22503.7477820422,19082.8124417574,15019.0147286953,11973.6462594369,8799.58370928408,7586.95391115296,5700.03484717515,4244.01949951254,3539.56709274567,2329.37538248735,2022.60550935821,1302.54695576743,2287.27812929008
"Nandi","Chesumei",152427.2259655,9006.09662190434,14454.2594297252,22111.0699526011,19887.7597767024,16469.7631933057,14911.7187280088,12644.895171546,9952.08999742007,7934.12932364434,5830.89174600163,5027.36361166292,3777.0293732474,2812.22601967735,2345.43283266168,1543.52025502692,1340.24451150925,863.110181581732,1515.62523927313
"Garissa","Dadaab",194722.086934462,11505.0701621215,18464.9661070737,28246.3559790747,25406.1311136585,21039.7233171635,19049.3592736167,16153.5471191231,12713.553772184,10135.6579188656,7448.82288763394,6422.33517037796,4825.06348398652,3592.55058283953,2996.23359965797,1971.80971693654,1712.12988119726,1102.60233857446,1936.17451037654
"Garissa","Dujis",137861.116917372,8145.46437814542,13072.9949100195,19998.1124146002,17987.2641415199,14895.8949742197,13486.7389075642,11436.5354391936,9001.05761300854,7175.93542358406,5273.6854826054,4546.94335781243,3416.0923990276,2543.48668776906,2121.30075790134,1396.01980548253,1212.16930983749,780.630447755739,1370.79046732534
"Wajir","Eldas",106741.375925422,6306.76796123645,10121.994477949,15483.8875730645,13926.9532013917,11533.4066685516,10442.3429893082,8854.93717079806,6969.22595638319,5556.09324654193,4083.24302891448,3520.550254636,2644.96916254589,1969.33896062358,1642.45413582238,1080.89269975708,938.54324467843,604.416748869571,1061.35844434988
"Nandi","Emgwen",155636.885943413,9195.73799142639,14758.6227592295,22576.6627352958,20306.5363187624,16816.566983983,15225.7147775992,12911.1587192812,10161.6511487103,8101.19827860552,5953.67282893573,5133.22480330085,3856.56227780513,2871.44306077372,2394.82060998422,1576.02215982954,1368.46603913964,881.284692000095,1547.53975875084
"Vihiga","Emuhaya",97985.2764282227,5789.41761517273,9291.67736810636,14213.7291268409,12784.5116048976,10587.3100358639,9585.74737766699,8128.55801148191,6397.5335328642,5100.32148174447,3748.29060842666,3231.75607293067,2427.99975444629,1807.79215898802,1507.72201617184,992.226014108565,861.553624097088,554.835851630872,974.294172783684
"Narok","Emurua Dikirr",110629.351783752,6536.48733073857,10490.680658235,16047.8767530357,14434.2321956679,11953.5024964615,10822.6976277495,9177.47172357678,7223.07486955999,5758.46984345106,4231.97214339775,3648.78370000235,2741.31021268553,2041.07067917593,1702.27931582524,1120.26341880268,972.728989856175,626.432182974684,1100.01764255574
"Trans Nzoia","Endebess",101472.336481869,5995.44904801288,9622.34579261632,14719.5615218525,13239.4815896531,10964.0869073224,9926.88104573898,8417.83381871351,6625.20634695944,5281.82964244016,3881.6832458366,3346.76648996307,2514.4064194333,1872.12712902324,1561.37821234992,1027.53694881334,892.214243081654,574.581123625589,1008.966956433
"Garissa","Fafi",171112.835607767,10110.1277738951,16226.1649909603,24821.6016131371,22325.7423188157,18488.7434901743,16739.7028921365,14194.996038673,11172.0877218331,8906.75112695944,6545.68378096764,5643.65347315088,4240.04440241188,3156.96861599942,2632.95261185908,1732.73590713682,1504.54118232133,968.916344681183,1701.42132265416
"Busia","Funyula",95894.2445211411,5665.86990067897,9093.39049731052,13910.4043600367,12511.6867208255,10361.3740187177,9381.18497451239,7955.09241766871,6261.00846265488,4991.47926234722,3668.30108811362,3162.78953723535,2376.18559274769,1769.21339263035,1475.54682661533,971.051646589612,843.16784019854,542.995506721473,953.502475536529
"Embu","Gachoka",148711.934318572,8786.58022423427,14101.9484237246,21572.1303177741,19403.0115481201,16068.3258960553,14548.2575177126,12336.6859713224,9709.51576829082,7740.74127098468,5688.76842609706,4904.82564697735,3684.96730499324,2743.68026104401,2288.26478439194,1505.89818407443,1307.57712412546,842.072561644105,1478.68308700553
"Tana River","Galole",78505.4973153174,4638.46330400599,7444.46287510362,11387.9953650512,10242.9107521183,8482.51972025405,7680.07084792991,6512.57528078976,5125.68387717752,4086.36163501212,3003.11872378525,2589.27286787898,1945.30581687855,1448.3974292612,1207.98216841822,794.968382253315,690.274071667307,444.532750719509,780.601447012586
"Kilifi","Ganze",154744.792921677,9143.02906164963,14674.028003339,22447.2558587821,20190.1415500301,16720.1763246285,15138.4427031053,12837.1534182487,10103.4057139978,8054.7631266283,5919.54704986865,5103.80173949262,3834.45689915362,2854.98427401953,2381.09376919371,1566.98857911785,1360.6221466292,876.233267852597,1538.66943593969
"Tana River","Garsen",106783.66041768,6309.26632214587,10126.0042013897,15490.0213550074,13932.4702198835,11537.9755083362,10446.479615499,8858.44496258917,6971.98674317689,5558.29423542587,4084.86056341548,3521.94488421328,2646.01693972795,1970.11909388786,1643.10477704363,1081.32088422255,938.915038879313,604.656182314349,1061.77889052208
"Siaya","Gem",183983.59777832,10870.5911817366,17446.6643754572,26688.6323938508,24005.0396003195,19879.4294632586,17998.8295611859,15262.7149936934,12012.4296138106,9576.69897196024,7038.03690508743,6068.15769790959,4558.97198550168,3394.42942419717,2830.9979937453,1863.06880522669,1617.70973373175,1041.79627675208,1829.39880089539
"Kirinyaga","Gichugu",139302.828178754,8230.64726354303,13209.7084693117,20207.246828416,18175.3696919038,15051.6718895161,13627.7792806377,11556.135383707,9095.1880423507,7250.979258586,5328.83614378723,4594.49396229326,3451.81689475,2570.08572804181,2143.48470113225,1410.618972526,1224.84582214039,788.794052785732,1385.12579332536
"Vihiga","Hamisi",161523.510209501,9543.5466363809,15316.8353342363,23430.5755458694,21074.5865706653,17452.6167910718,15801.5940849694,13399.4950141096,10545.993342869,8407.6083566674,6178.85746132361,5327.37778642711,4002.42829761525,2980.0491042433,2485.39945336192,1635.63174552453,1420.22526925072,914.617354895611,1606.07206001977
"Homa Bay","Homa Bay",100532.161590576,5939.89922180014,9533.19156375737,14583.1798967367,13116.8133965683,10862.5010015119,9834.90519663922,8339.83979324977,6563.82161026168,5232.89173697667,3845.71816165486,3315.75758714308,2491.10960905109,1854.78124953488,1546.91152475841,1018.01647778997,883.94758186065,569.257438726107,999.618542555174
"Garissa","Ijara",86483.7738550715,5109.85631754519,8201.02114858291,12545.3229327104,11283.8668296805,9344.57257510425,8460.57324795398,7174.42863314054,5646.59164575365,4501.64622374126,3308.31660774792,2852.41284766725,2143.00137059388,1595.5936846228,1330.74574707594,875.758617470899,760.424540364603,489.709271313638,859.931614001841
"Kakamega","Ikolomani",120019.622467041,7091.30740663943,11381.1344975138,17410.0279739669,15659.416518249,12968.1213317463,11741.3332213721,9956.45977948686,7836.17281415802,6247.25143422871,4591.18390148816,3958.49415256623,2973.99389480905,2214.3177049621,1846.76957357717,1215.35189730798,1055.29467761404,679.604037170794,1193.3876501843
"Mombasa","Jomvu",78669.0912017822,4648.12917792662,7459.97603858935,11411.7262690582,10264.2554685516,8500.1960412189,7696.07498370771,6526.14652786817,5136.36504696732,4094.87701042191,3009.37678061362,2594.6685309352,1949.35954750671,1451.41567604265,1210.49942522787,796.624979201515,691.712501101827,445.459091457903,782.228105385106
"Homa Bay","Kabondo Kasipul",120646.850387573,7128.36689663858,11440.6128159541,17501.0135596407,15741.2533300769,13035.8933144348,11802.69395447,10008.4926840651,7877.12500412598,6279.89984992597,4615.17763411385,3979.18142023727,2989.536120055,2225.88982842768,1856.42087405226,1221.70338073705,1060.80969484691,683.155678296285,1199.62434747452
"Bungoma","Kabuchai",161501.3671875,9542.23832551728,15314.7355716609,23427.363482504,21071.697486386,17450.2242373372,15799.4278675251,13397.6580969171,10544.5476080511,8406.45576992275,6178.01041078261,5326.64746399058,4001.87961056816,2979.64057366596,2485.05873358245,1635.40751915847,1420.03057264375,914.491971338842,1605.85188594781
"Makueni","Kaiti",132755.899600983,7843.82482434534,12588.8810316175,19257.5503759559,17321.1670256464,14344.2761953651,12987.3034282058,11013.0222683358,8667.73407538416,6910.19907525802,5078.39248738672,4378.5627840437,3289.58904217207,2449.29731390677,2042.74560323074,1344.32296271545,1167.2807445237,751.722455649656,1320.02790724014
"Kilifi","Kaloleni",160780.964781761,9499.67366141845,15246.4217701048,23322.8620203379,20977.7038451769,17372.3847506493,15728.9520192813,13337.8957228123,10497.5119847833,8368.95744364939,6150.45241768252,5302.88711004183,3984.02859327254,2966.34941536255,2473.97373584372,1628.11252511797,1413.69630155632,910.412735183419,1598.68872948639
"Bungoma","Kanduyi",272636.329818726,16108.5994541721,25853.3619319421,39548.5840673025,35571.8986519106,29458.3579906041,26671.5886190414,22617.073745691,17800.6341959958,14191.2436272712,10429.3239946517,8992.10725030332,6755.71847100836,5030.03958622913,4195.11799996904,2760.79089326635,2397.20523917608,1543.78714593204,2710.89695425921
"Machakos","Kangundo",101471.498825073,5995.39955542392,9622.26635989972,14719.4400114865,13239.3722973857,10963.9963984978,9926.79909907589,8417.76432927481,6625.15165570748,5281.78604079809,3881.65120243971,3346.73886231802,2514.38566294243,1872.11167456474,1561.36532313187,1027.52846646891,892.206877829704,574.576380443361,1008.95862738434
"Homa Bay","Karachuonyo",182282.851368904,10770.1033168192,17285.3872173238,26441.9223813053,23783.1367491896,19695.6637977909,17832.4481819786,15121.6262877603,11901.3865818189,9488.1718609172,6972.97721422256,6012.06358114531,4516.82879812738,3363.05128111849,2804.82821703114,1845.84657661911,1602.75560709033,1032.16590046624,1812.48781817963
"Homa Bay","Kasipul",116286.704376221,6870.74955816695,11027.1520237605,16868.5314499001,15172.3685005075,12564.7794970683,11376.1476434518,9646.78834353833,7592.44774104511,6052.94589137352,4448.38630646278,3835.3748314854,2881.49505683804,2145.44674494932,1789.33030315557,1177.55133610875,1022.47230646974,658.466608533691,1156.27023340558
"Machakos","Kathiani",111124.525968552,6565.74448296143,10537.6366799343,16119.7066441164,14498.8394544601,12007.0060717673,10871.1397490197,9218.54985524775,7255.40517026784,5784.24460904853,4250.91434383927,3665.11556369881,2753.58024796969,2050.20645999164,1709.89867505428,1125.27768957461,977.082900249909,629.236077606041,1104.94129374446
"Kakamega","Khwisero",114066.676727295,6739.58018614117,10816.6328374702,16546.4945806257,14882.7130514904,12324.9054888076,11158.9657872611,9462.62165861187,7447.5004403321,5937.38919632068,4363.46223327295,3762.15375074736,2826.4844799132,2104.48805479953,1755.17022640927,1155.07072202467,1002.9523037076,645.895832840281,1134.19589651934
"Makueni","Kibwezi East",137718.11866075,8137.015388093,13059.4347741178,19977.3691094902,17968.6066152271,14880.4440112523,13472.7496102596,11424.6727424001,8991.7211476208,7168.49209019064,5268.21528298097,4542.22698101478,3412.5490122595,2540.84842275115,2119.10041079163,1394.57176557934,1210.91197127885,779.820728557235,1369.36859688496
"Makueni","Kibwezi West",131909.432640959,7793.81169066178,12508.6128711142,19134.7620089361,17210.7252626789,14252.8154324059,12904.4948804514,10942.8019654478,8612.46760108706,6866.13884726081,5046.01206991731,4350.6445616504,3268.6142422225,2433.68031113906,2029.72082116029,1335.75140412588,1159.83802758018,746.929386386986,1311.61125673235
"Narok","Kilgoris",222695.24742949,13157.8522333197,21117.5848653262,32304.1383377256,29055.8957314715,24062.2235706662,21785.9301099168,18474.1147200615,14539.942785009,11591.7145488593,8518.89727629306,7344.94757301881,5518.21687691252,4108.64506201436,3426.66306291674,2255.07367813313,1958.08905670253,1260.99871088489,2214.31923025814
"Kilifi","Kilifi North",212928.690470815,12580.7994458271,20191.4488215736,30887.4030875663,27781.615907711,23006.9469998014,20830.4830145153,17663.9111088161,13902.2768221078,11083.3465360844,8145.29120955218,7022.82642468545,5276.209110421,3928.45569342962,3276.38280157995,2156.17482071378,1872.21480243269,1205.69615783615,2117.20770616127
"Kilifi","Kilifi South",201436.440437317,11901.7848304972,19101.6699952303,29220.3390654147,26282.1783465253,21765.209276038,19706.2140463832,16710.5492927868,13151.9390403777,10485.1528905078,7705.67115192234,6643.78836722177,4991.43999738177,3716.42792500355,3099.54890344272,2039.80111785211,1771.16707336247,1140.62196947927,2002.93714789008
"Makueni","Kilome",118696.176582336,7013.11217979582,11255.6357223603,17218.0491175005,15486.7415012646,12825.1229915077,11611.8625663795,9846.67076790243,7749.7640215826,6178.36353880463,4540.55731797248,3914.84418360152,2941.1999241206,2189.90061720742,1826.40540693583,1201.95031818368,1043.65803545893,672.110102864597,1180.2282688929
"Bungoma","Kimilili",157667.525695801,9315.71746161911,14951.1828061858,22871.2270254295,20571.4816087702,17035.9776282488,15424.3691100763,13079.6143651639,10294.233169016,8206.89697057559,6031.3521312802,5200.1994814457,3906.87996837958,2908.90761418329,2426.06653154706,1596.5849796842,1386.32081387395,892.783069893605,1567.7309604282
"Trans Nzoia","Kiminini",230154.82649231,13598.5982311095,21824.9564672666,33386.2237291655,30029.1753768693,24868.2311582752,22515.6891415434,19092.9385205719,15026.9843991683,11979.9999395398,8804.25310895702,7590.97984252447,5703.05950626477,4246.27154050876,3541.44532403152,2330.61143921555,2023.67878211927,1303.23813759263,2288.4918475865
"Kwale","Kinango",235710.560477614,13926.8563671499,22351.7916165483,34192.1376465053,30754.0531156271,25468.528267426,23059.1979667663,19553.8251725474,15389.7225141819,12269.1865441504,9016.77999339447,7774.2193832094,5840.72631952287,4348.77278051305,3626.93268244881,2386.8703383954,2072.52859837778,1334.6971537789,2343.73401707084
"Kericho","Kipkelion East",128954.464812279,7619.21869645657,12228.4013056823,18706.1148302332,16825.179373797,13933.5311308389,12615.4149681688,10697.6668972717,8419.53549473776,6712.32710692735,4932.97388128131,4253.18364125746,3195.39241314814,2379.16224612485,1984.25205059817,1305.82858248014,1133.85592766995,730.197055249782,1282.22921035567
"Kericho","Kipkelion West",108799.069766998,6428.34591057029,10317.1199906302,15782.3763252145,14195.4283412891,11755.7405074076,10643.6439813035,9025.63714094481,7103.57435883418,5663.20015571855,4161.95724785172,3588.41723232031,2695.95723263346,2007.30265198617,1674.11634488659,1101.72947680264,956.635897484188,616.068318948293,1081.81865217191
"Kirinyaga","Kirinyaga Central",115671.283648014,6834.387691012,10968.7933492679,16779.2586137288,15092.0722179592,12498.2832816211,11315.9419896371,9595.73492742266,7552.26645168162,6020.91206267187,4424.8442415745,3815.07698931677,2866.24540473278,2134.09245982113,1779.86068266819,1171.3194155753,1017.06110615415,654.981824938718,1150.15093823023
"Mombasa","Kisauni",199070.876543045,11762.0165124546,18877.3500024677,28877.1907307764,25973.5342301759,21509.6100751045,19474.7946053937,16514.3093673063,12997.4895670548,10362.020754883,7615.17979187573,6565.76720159472,4932.82314428112,3672.78414488131,3063.14942696967,2015.84676348896,1750.3674163075,1127.22710337582,1979.4157046534
"Kisumu","Kisumu Central",198301.38722229,11716.5515692441,18804.3814222148,28765.5687282685,25873.1360325115,21426.4667467894,19399.5166605081,16450.4748932815,12947.2490216161,10321.9673605805,7585.74404704336,6540.38786016655,4913.75579100167,3658.58735112623,3051.30911756399,2008.05470176843,1743.60153946185,1122.86991545775,1971.76446368579
"Kisumu","Kisumu East",206641.080185413,12209.2987156096,19595.2118325282,29975.3233067095,26961.2474851177,22327.5706495698,20215.3758677877,17142.3102436502,13491.7539445007,10756.064367003,7904.76741412784,6815.44809740222,5120.40696559373,3812.45160600891,3179.63389396878,2092.5047396652,1816.92982875334,1170.09293524403,2054.68829217269
"Kisumu","Kisumu West",150477.501386642,8890.89798969102,14269.3723486882,21828.2432050935,19633.3717970653,16259.0954342977,14720.9802012603,12483.1520002924,9824.79099059193,7832.64242157576,5756.30774119653,4963.05768246669,3728.71669841229,2776.25432133319,2315.43197151017,1523.77680460244,1323.10119836938,852.06998108846,1496.23859910677
"Kitui","Kitui Central",162528.109195709,9602.90293233621,15412.0987248643,23576.302520284,21205.6604203866,17561.1637209413,15899.872443195,13482.8334648987,10611.5843779268,8459.89965977608,6217.2869997451,5360.51152848392,4027.32148749788,2998.58358448763,2500.85744933991,1645.80459275421,1429.05839121436,920.305837434807,1616.0610601423
"Kitui","Kitui East",138076.81555488,8158.20883871213,13093.4490253879,20029.4016257789,18015.4071629502,14919.2012140228,13507.8403701944,11454.4291366132,9015.14074178821,7187.16295117358,5281.93673429028,4554.05754279102,3421.43724529425,2547.46624796224,2124.61976251595,1398.20402955317,1214.06587991038,781.851828575387,1372.93521736598
"Kitui","Kitui Rural",114054.621920109,6738.86793308015,10815.4897128786,16544.7459121496,14881.1402149584,12323.6029667782,11157.7864842006,9461.62162877983,7446.71337276423,5936.76172049686,4363.00109337307,3761.75615839725,2826.18577106679,2104.26564805943,1754.98473631466,1154.94865171247,1002.84630959096,645.827573205211,1134.07603230276
"Kitui","Kitui South",194341.423745748,11482.5788425016,18428.8688518087,28191.1370354724,25356.4645399541,20998.5926560574,19012.1195852064,16121.968468482,12688.6999818667,10115.8436701389,7434.26114624542,6409.78011499911,4815.6309430741,3585.52748760668,2990.37624749965,1967.95501618737,1708.78282986719,1100.44685570812,1932.3894730722
"Kitui","Kitui West",109113.734676361,6446.93775044204,10346.9588084959,15828.0215685657,14236.483868528,11789.7400538116,10674.42716057,9051.74077674777,7124.11907108735,5679.57906748241,4173.99431676207,3598.79552861992,2703.75438696639,2013.10810334163,1678.95816631995,1104.91586071845,959.402646764489,617.850090448348,1084.94745068886
"Kisii","Kitutu Chache North",121431.114013672,7174.70477328072,11514.9824034154,17614.7787206092,15843.5791875388,13120.6330065808,11879.4172466964,10073.5527891485,7928.33017524421,6320.72227514486,4645.17854946965,4005.0480486616,3008.96956925269,2240.35920265943,1868.48851909706,1229.64505116041,1067.70547749858,687.596524847435,1207.42249336631
"Kisii","Kitutu Chache South",134436.37322998,7943.1148808129,12748.2357771,19501.3196220922,17540.4248100277,14525.8513867186,13151.7015527974,11152.4292065821,8777.45348205928,6997.67094921612,5142.67667120379,4433.98826278784,3331.22988564662,2480.30143167452,2068.6034380034,1361.33990354059,1182.05661900237,761.238038511442,1336.73731220312
"Nyamira","Kitutu Masaba",229037.801635742,13532.5993013015,21719.0320370081,33224.1882752895,29883.4328963425,24747.5366120603,22406.4123350685,19000.2735643881,14954.0529931711,11921.8566543518,8761.5228750701,7554.13806388773,5675.38048982148,4225.66284448107,3524.2574052926,2319.300136523,2013.85713494468,1296.91305018993,2277.38496655008
"Bomet","Konoin",169517.627104029,10015.8755704206,16074.8957054932,24590.2009129557,22117.6093995479,18316.3811964037,16583.6461222938,14062.66243371,11067.9353403062,8823.71746622944,6484.66129604947,5591.0402137157,4200.51636313341,3127.5376082998,2608.40677120686,1716.58238455636,1490.51501719036,959.883570564873,1685.55973195175
"Migori","Kuria East",97489.8050079346,5760.1429009198,9244.69316037382,14141.856118826,12719.865564661,10533.7743442608,9537.27617831068,8087.45522206647,6365.18382542432,5074.53124447003,3729.33703765452,3215.41440579609,2415.72235389544,1798.65089428734,1500.09808331189,987.20873344786,857.197100205476,552.030273921085,969.367566101902
"Migori","Kuria West",152769.12461853,9026.29755572429,14486.6807494617,22160.6657186197,19932.3685940339,16506.705345968,14945.166142112,12673.2580351976,9974.41282159665,7951.92580397479,5843.97060393724,5038.64013287646,3785.50135879321,2818.53392354461,2350.69370598126,1546.98241536459,1343.25071850615,865.046162549897,1519.02483028794
"Trans Nzoia","Kwanza",191584.963722229,11319.7145959801,18167.4812418509,27791.2853684522,24996.8187192381,20700.7571246973,18742.4593831305,15893.3009989983,12508.7286017239,9972.36464161541,7328.81659788791,6318.86639055477,4747.32798466843,3534.67181827832,2947.96196225546,1940.04233948855,1684.54614646424,1084.83856331578,1904.98124362874
"Garissa","Lagdera",120215.246960819,7102.86579511902,11399.6850364085,17438.4052329439,15684.940389815,12989.2585601314,11760.4708617054,9972.68818751004,7848.94528676221,6257.43406415375,4598.66724469578,3964.94625097149,2978.84131924026,2217.9269046179,1849.77969271877,1217.33284504624,1057.01474207392,680.711749334924,1195.33279757061
"Lamu","Lamu East",6888.30856183323,406.99272768634,653.199573462489,999.216980438054,898.743810876336,744.281804626499,673.8725259557,571.432951836033,449.742926850087,358.549665944333,263.502673375402,227.190592693097,170.686985905814,127.086748751422,105.99199034223,69.7529179627754,60.566724120983,39.0046411717848,68.4923198338504
"Lamu","Lamu West",88195.7926675379,5211.01020751417,8363.36723805094,12793.6681183086,11507.2404340997,9529.55622382714,8628.05738884058,7316.45246305824,5758.37066154968,4590.76008497295,3373.80750872954,2908.87875148305,2185.42387944215,1627.17979937427,1357.08897485207,893.09499354998,775.477781689929,499.403476917259,876.954681277708
"Mombasa","Likoni",159951.62021637,9450.67219700517,15167.7772797334,23202.5574252498,20869.4961061451,17282.7740625906,15647.8185287951,13269.0958412686,10443.3634447088,8325.78846911748,6118.72699362984,5275.53361946187,3963.47807308703,2951.04831445163,2461.21242000309,1619.71435263291,1406.4041364272,905.716620471009,1590.44233159128
"Kakamega","Likuyani",139563.172950745,8246.02962162707,13234.3962562322,20245.0124009955,18209.3378642672,15079.8021445683,13653.2484052487,11577.7327875136,9112.18615134862,7264.53070306468,5338.79527131515,4603.08066867005,3458.26803787586,2574.88899292604,2147.49068610096,1413.25529570457,1227.13495158922,790.268239710041,1387.71447198721
"Vihiga","Luanda",108780.739501953,6427.26287479991,10315.381781431,15779.7173397866,14193.0367219078,11753.7599220978,10641.8507599493,9024.11651837563,7102.37756182991,5662.24603028274,4161.2560490306,3587.81266245495,2695.50302276999,2006.96446536642,1673.83429287656,1101.54385946822,956.474725246318,615.964524903029,1081.63638937621
"Kakamega","Lugari",183977.187866211,10870.2124548561,17446.0565409187,26687.7025729863,24004.2032747129,19878.7368721952,17998.2024894418,15262.1832470441,12012.0111057535,9576.36532374678,7037.79170280567,6067.94628581647,4558.81315281177,3394.31116368628,2830.89936295136,1863.00389668355,1617.65337339672,1041.75998100262,1829.33506540121
"Kwale","Lunga Lunga",158155.872037649,9344.57119369865,14997.491362101,22942.0664706618,20635.1980129296,17088.7434550597,15472.1432740773,13120.1260799245,10326.1176746429,8232.31633385803,6050.03314207623,5216.30614882972,3918.98081496912,2917.91742381841,2433.58082918402,1601.53010982966,1390.6146891986,895.548302266741,1572.58672052305
"Kakamega","Lurambi",181815.768981934,10742.5059563031,17241.0950644387,26374.1674820968,23722.1947340795,19645.1955415038,17786.7542376509,15082.8785654797,11870.8904160461,9463.85932725045,6955.10962647611,5996.65824275495,4505.25485597802,3354.43378359696,2797.64111276536,1841.11677116284,1598.64869901276,1029.5210739841,1807.84349135398
"Machakos","Machakos Town",210571.821135283,12441.5448420215,19967.9533101781,30545.5159842814,27474.1062035014,22752.2872460212,20599.9141487008,17468.3924572624,13748.3950231653,10960.66696891,8055.1324477699,6945.09202349928,5217.80770179584,3884.97232470478,3240.11711028474,2132.30850985755,1851.49159388984,1192.35052415903,2093.77271527973
"Kilifi","Magarini",201408.166118547,11900.1142546198,19098.9888184516,29216.237597083,26278.4892886422,21762.1542356301,19703.4480137007,16708.203742019,13150.0929885111,10483.6811580123,7704.5895571423,6642.85582199943,4990.73938151852,3715.90627426544,3099.11383998773,2039.51480427891,1770.91846619726,1140.46186781598,2002.65600867181
"Makueni","Makueni",263101.467942238,15545.2362702512,24949.1969029167,38165.4584701265,34327.8489665443,28428.1160755398,25738.8078936033,21826.0908478546,17178.0957819644,13694.9357876975,10064.5811013614,8677.62788261518,6519.45193037406,4854.12490633357,4048.40288422541,2664.23824434145,2313.36820667079,1489.79655262796,2616.08923718995
"Kakamega","Malava",231735.582893372,13691.9965383573,21974.8552991283,33615.5280095557,30235.4226753468,25039.0319022164,22670.332084632,19224.0732234215,15130.1931918739,12062.28134062,8864.72274876716,7643.11644187058,5742.2294335592,4275.43591225193,3565.76878685128,2346.61861580652,2037.57787447064,1312.18907752948,2304.20973711323
"Kilifi","Malindi",167039.476994067,9869.45514459097,15839.8994679883,24230.7208391871,21794.2757315279,18048.6170538103,16341.2125467204,13857.082701078,10906.1350269747,8694.72500224343,6389.86310674961,5509.30572298973,4139.1097102382,3081.81665408209,2570.27490470235,1691.48795102918,1468.72542505855,945.851191651934,1660.91881344408
"Embu","Manyatta",161156.414163113,9521.85692548871,15282.0246141927,23377.3246498461,21026.6901536093,17412.9520598211,15765.6816490169,13369.0418519854,10522.0253616359,8388.50030370776,6164.8147121145,5315.27020332372,3993.33194005033,2973.27631777531,2479.75086194733,1631.91442941154,1416.99750952307,912.538695172921,1602.42192449038
"Machakos","Masinga",136115.434423804,8042.32148416007,12907.4565851951,19744.8839805995,17759.4983086211,14707.2739644385,13315.9615010503,11291.7189735383,8887.08066976323,7085.06930321573,5206.90682427576,4489.36715651314,3372.83573006439,2511.27949053503,2094.43953931075,1378.34254165646,1196.82007438416,770.745623542323,1353.43267294018
"Busia","Matayos",126140.425628662,7452.95241020128,11961.5536205147,18297.9107391058,16458.0209811181,13629.4741706909,12340.1218863069,10464.2228372616,8235.80472725688,6565.85097273808,4825.32672215508,4160.37083761363,3125.66268745992,2327.24426255969,1940.95178155604,1277.33284327844,1109.11296887683,714.262724257631,1254.24845571044
"Kwale","Matuga",172968.652050626,10219.7778845695,16402.1470187714,25090.8060608815,22567.8777468631,18689.264474208,16921.2545318219,14348.9488789805,11293.2553947409,9003.34993052175,6616.67546050663,5704.8621187564,4286.0301058952,3191.20774391962,2661.50848689324,1751.52841779901,1520.85879084669,979.424795890161,1719.87420876055
"Kakamega","Matungu",165796.366493225,9796.00649910542,15722.0186788762,24050.395421147,21632.0823775516,17914.2989525505,16219.6009775341,13753.9580665501,10824.9713929668,8630.01871755717,6342.30964172514,5468.3053803172,4108.30638854727,3058.8817244876,2551.1468771152,1678.89987022451,1457.79514659025,938.812151721163,1648.55822865781
"Machakos","Matungulu",139324.695338249,8231.93927518997,13211.7820725957,20210.4188752088,18178.222783353,15054.0346363043,13629.9185108815,11557.9494161921,9096.61576589487,7252.11748615837,5329.67264159135,4595.21518621661,3452.35874613645,2570.4891690578,2143.8211761518,1410.84040543201,1225.03809317537,788.917874287323,1385.34322442162
"Machakos","Mavoko",165607.637753487,9784.85554326636,15704.1220455895,24023.0184591903,21607.4582212364,17893.9068104541,16201.1379381063,13738.3017091328,10812.6491494104,8620.19502484949,6335.09008600731,5462.08071807183,4103.62983559519,3055.39974894688,2548.24286452923,1676.98875079918,1456.13571432022,937.743486357786,1646.68164762374
"Makueni","Mbooni",210826.971881866,12456.6203133642,19992.1485617904,30582.5281123341,27507.3966916196,22779.8562865794,20624.8751498749,17489.5589806512,13765.0540102775,10973.948054409,8064.89288507244,6953.50742022866,5224.13014096867,3889.67976173865,3244.04317358822,2134.89223689805,1853.73505391183,1193.79530022065,2096.30974833856
"Nandi","Mosop",155019.789802551,9159.27713324043,14700.1052099098,22487.1468640224,20226.0214387542,16749.8897401827,15165.3452207671,12859.9663160702,10121.360470375,8069.07724146332,5930.06667346416,5112.8717025748,3841.27111026344,2860.05786490085,2385.32520953644,1569.77327360409,1363.04010744912,877.790421479727,1541.40380449317
"Kwale","Msambweni",132986.893798828,7857.47301646924,12610.7855833882,19291.0583587644,17351.3057169954,14369.2351206059,13009.9012317428,11032.1848385295,8682.81586298001,6922.2227660856,5087.22884948055,4386.18144808089,3295.3129006546,2453.55907153871,2046.29996415509,1346.66207386117,1169.31180363332,753.030446678053,1322.32474518469
"Bungoma","Mt. Elgon",189324.789778158,11186.1731974952,17953.155091539,27463.4248837793,24701.9252304369,20456.5453088702,18521.3500772511,15705.8039005554,12361.1601187397,9854.71825493742,7242.3567839568,6244.32120238069,4691.32261344074,3492.97244381124,2913.18414521935,1917.15519291444,1664.67314999389,1072.0404615927,1882.50772124398
"Kisumu","Muhoroni",165652.35599041,9787.49770092513,15708.3625544201,24029.5052797599,21613.292779649,17898.7386163725,16205.5126537569,13742.011396917,10815.568837252,8622.52269480887,6336.80072002901,5463.55561755688,4104.73791909738,3056.22478390131,2548.93095434018,1677.44158003636,1456.52890767017,937.996700738262,1647.12629317907
"Kakamega","Mumias East",123965.603210449,7324.45396965141,11755.3211233521,17982.4313336453,16174.2636304451,13394.4845880322,12127.3623876128,10283.8062396306,8093.80891058197,6452.647296605,4742.13191225775,4088.64071841807,3071.77226136867,2287.11959221989,1907.48728810629,1255.30998986537,1089.9904414474,701.947920518326,1232.62360669084
"Kakamega","Mumias West",122787.350372314,7254.83741107362,11643.590610064,17811.5141581811,16020.5325023437,13267.1743578354,12012.0957428158,10186.0619978823,8016.87988290623,6391.31697759867,4697.05948700651,4049.77951494043,3042.57606265444,2265.381262547,1889.3572403131,1243.3786756944,1079.63043594656,695.276133279331,1220.90791923139
"Mombasa","Mvita",136521.821411133,8066.33268327878,12945.9931583467,19803.8344144721,17812.5211641457,14751.1840822259,13355.7177087185,11325.4315916175,8913.61398653824,7106.22252497445,5222.45259383949,4502.77063571058,3382.90568691314,2518.77718035117,2100.69270948301,1382.4577287062,1200.39330696034,773.046765901926,1357.47348894931
"Machakos","Mwala",184059.847225189,10875.0963472772,17453.8949032021,26699.6931268852,24014.9881555912,19887.668216707,18006.2889261234,15269.0404139485,12017.4079984311,9580.66790184454,7040.95372173596,6070.67256159074,4560.86138812443,3395.83619832898,2832.17126154589,1863.84092821805,1618.38017106357,1042.22803475014,1830.15696982108
"Taita Taveta","Mwatate",77945.9741943041,4605.40412275988,7391.40481873063,11306.8310271814,10169.9076429314,8422.0632417877,7625.33357019282,6466.15895872883,5089.15218527871,4057.23738392397,2981.71494419569,2570.81864383437,1931.44126446876,1438.0744343398,1199.37265728695,789.302496352883,685.354361377688,441.364484030156,775.037956902515
"Kirinyaga","Mwea",181660.770959854,10733.3479653063,17226.3970234027,26351.6834928553,23701.9715527583,19628.4480037662,17771.5910219326,15070.0204049471,11860.7704768069,9455.79138306067,6949.18039249663,5991.54608899667,4501.41412425517,3351.5741273385,2795.25612250079,1839.54721831522,1597.28585030203,1028.64340682107,1806.30230399185
"Kitui","Mwingi East",132642.62670505,7837.1321443536,12578.1396708547,19241.1190270952,17306.3878801935,14332.0370578985,12976.2221167605,11003.6254962974,8660.33840149813,6904.30300387377,5074.05939013485,4374.82681081718,3286.78222696946,2447.20747081444,2041.00264709223,1343.17593003732,1166.2847716841,751.081054553771,1318.9016041213
"Kitui","Mwingi North",156313.423467159,9235.71091797285,14822.776973283,22674.8011644271,20394.8067420215,16889.6668697606,15291.8993925795,12967.2821973095,10205.8228003316,8136.41335367954,5979.55283192131,5155.53840316637,3873.3263570771,2883.92492820597,2405.23064868086,1582.87296594094,1374.41462015781,885.115545847028,1554.26675479639
"Kitui","Mwingi West",137051.957445145,8097.65554121852,12996.264517155,19880.7358660217,17881.6900283471,14808.4652856665,13407.5800933856,11369.4100510711,8948.22697308276,7133.81712184737,5242.73221124642,4520.25561314648,3396.04204991914,2528.55799437159,2108.85003473821,1387.82603283451,1205.05462586474,776.048629943476,1362.74477528485
"Busia","Nambale",106423.231903076,6287.97055948109,10091.8257452579,15437.7376501191,13885.4437410526,11499.0312039572,10411.2194538232,8828.54491845247,6948.45409018623,5539.53324027764,4071.07287137086,3510.05721003009,2637.08579847026,1963.46932091861,1637.55878047625,1077.6710853808,935.745904655229,602.615277097341,1058.19505206915
"Nandi","Nandi Hills",123777.360157371,7313.33171039829,11737.4705464109,17955.1248253208,16149.7028435152,13374.1449243839,12108.9468621565,10268.190173289,8081.51837787854,6442.84888481906,4734.93093580829,4082.43207511831,3067.10774335831,2283.64657741865,1904.59074889282,1253.40378863752,1088.33527966695,700.88200532703,1230.75185497092
"Narok","Narok East",99033.5727143288,5851.35574716492,9391.08445488248,14365.7948248573,12921.2868074956,10700.5784593967,9688.30057486005,8215.52145625085,6465.9775980055,5154.88731308319,3788.39172634246,3266.33104186833,2453.97572979721,1827.13283827576,1523.85239256763,1002.8413522847,870.770962633494,560.771767554824,984.717667007861
"Narok","Narok North",204481.474667639,12081.6993590309,19390.4223126636,29662.051262486,26679.4755413072,22094.2252531461,20004.1050148248,16963.1559934093,13350.7516508771,10643.6527597095,7822.15470561435,6744.21986289994,5066.89360258661,3772.6076818618,3146.40354647082,2070.63597679533,1797.94109872898,1157.86429630644,2033.2147489203
"Narok","Narok South",207216.579764903,12243.3018589846,19649.7848930228,30058.8051871885,27036.3351035926,22389.7533845242,20271.6760976389,17190.0519237065,13529.3287515752,10786.0202233827,7926.78235093864,6834.42925792738,5134.66740235138,3823.06936068825,3188.48923854629,2098.33240760363,1821.99001500223,1173.35166768771,2060.4106405415
"Narok","Narok West",165925.85141623,9803.65705969442,15734.2973820901,24069.178484161,21648.9767678229,17928.2897996941,16232.2682864032,13764.6997386321,10833.425562482,8636.75865602995,6347.26290754756,5472.57605956135,4111.51492530626,3061.27067349146,2553.13929144818,1680.21107037338,1458.93366666946,939.545352464659,1649.84573235782
"Kakamega","Navakholo",158062.441665649,9339.05090063865,14988.6316139363,22928.5134752707,20623.0077970255,17078.6483024899,15463.003125924,13112.3753828145,10320.0175342989,8227.45310388379,6046.4590930081,5213.22462287895,3916.6656822416,2916.19366796376,2432.14319453136,1600.58400803778,1389.7931854122,895.019258292928,1571.65771700009
"Homa Bay","Ndhiwa",185354.059772491,10951.5643350428,17576.6215604473,26887.4313999244,24183.8489878848,20027.5078945654,18132.8997291304,15376.4043175207,12101.908124081,9648.03414601473,7090.46202454627,6113.35835492491,4592.93097920583,3419.71394180598,2852.08560809164,1876.94648248119,1629.75977370516,1049.55643700657,1843.0256761119
"Kirinyaga","Ndia",144648.799991608,8546.51169248328,13716.6524420668,20982.7326772854,18872.8789624007,15629.3041939688,14150.767398385,11999.6208091971,9444.23062492211,7529.24733999385,5533.33886776243,4770.81511483461,3584.28596277773,2668.71693344059,2225.74440069006,1464.75376192255,1271.85126579048,819.065303035786,1438.28224065084
"Nyamira","North Mugirango",134843.552246094,7967.1728766093,12786.847456188,19560.3849475385,17593.5510045595,14569.8470832237,13191.5352434113,11186.2075289402,8804.03851099857,7018.86539759146,5158.25273872825,4447.41786472462,3341.31946835923,2487.81373412922,2074.868795305,1365.4631108929,1185.6368156378,763.543665687351,1340.78600356922
"Kisumu","Nyakach",145956.146286726,8623.75568204973,13840.6245369103,21172.3761297626,19043.4534047129,15770.5629734018,14278.6630555382,12108.0742482068,9529.58826299756,7597.29722091605,5583.34958384733,4813.93408620136,3616.68099802416,2692.83698971382,2245.86083923839,1477.99231214917,1283.3463493333,826.468074365003,1451.28153935749
"Mombasa","Nyali",177121.828857422,10465.1665372392,16795.9814839905,25693.2652496446,23109.758517313,19138.0152670837,17327.5533670749,14693.4836890722,11564.4194803865,9219.53074520467,6775.54946880167,5841.84243719383,4388.94263147713,3267.83232201852,2725.4143749707,1793.58463500951,1557.37636430102,1002.94191473261,1761.17037190773
"Kisumu","Nyando",159003.201240182,9394.63527260736,15077.8412867173,23064.9799144473,20745.7522759559,17180.29738333,15555.0361736769,13190.4179118066,10381.4404454119,8276.4214432308,6082.44654343482,5244.25280975549,3939.9769806246,2933.55033464194,2446.61887877854,1610.11039972538,1398.06498756848,900.34625392679,1581.01194454191
"Kisii","Nyaribari Chache",176909.331726074,10452.6112362772,16775.8309587472,25662.440448457,23082.0332085651,19115.0549500512,17306.765102819,14675.8555787847,11550.5453803891,9208.46986214825,6767.42068628675,5834.83384447718,4383.67711606971,3263.91182843151,2722.14463266873,1791.43283027585,1555.50794406181,1001.73866225286,1759.05745531095
"Kisii","Nyaribari Masaba",131891.650497437,7792.76104041417,12506.9266387889,19132.182533932,17208.405158797,14250.8940716318,12902.7552809743,10941.3268133591,8611.30659135564,6865.21325260105,5045.33183872349,4350.05806996091,3268.17361438862,2433.35223715896,2029.44720322237,1335.57133722162,1159.68167480195,746.828696047534,1311.43444405759
"Migori","Nyatike",156406.982813358,9241.23883141754,14831.6489517204,22688.3728687957,20407.0137856798,16899.7759579938,15301.0521580783,12975.0435937235,10211.9313614996,8141.28329700807,5983.13181471823,5158.62418295165,3875.64468568603,2885.65106358695,2406.67026788922,1583.82037376123,1375.23725797365,885.645320129641,1555.19704074479
"Kilifi","Rabai",122464.127281189,7235.73991473946,11612.9402430891,17764.6274662999,15978.3603565878,13232.2500998119,11980.4753299223,10159.2484015683,7995.77640042963,6374.49259606755,4684.69503674363,4039.11895219333,3034.56684316259,2259.41791589902,1884.38373216587,1240.10562926267,1076.78843727388,693.445901579547,1217.69402439258
"Homa Bay","Rangwe",107254.873005867,6337.10771381189,10170.6880100273,15558.3753805691,13993.9511180516,11588.8900329035,10492.5776109957,8897.53531369538,7002.75257294155,5582.82175398381,4102.88614627096,3537.48644513984,2657.69322508545,1978.81279209633,1650.35543366679,1086.09251323885,943.058262513224,607.3243958174,1066.46428505836
"Siaya","Rarieda",155266.388411283,9173.8473052225,14723.4894855406,22522.9184202739,20258.1960969274,16776.534722166,15189.4695795806,12880.4233803322,10137.4610818753,8081.91317179215,5939.49996061561,5121.00503219734,3847.38163404082,2864.60751815013,2389.1196791251,1572.270399331,1365.20837122093,879.186771564905,1543.85580132639
"Migori","Rongo",112014.001358032,6618.29875107018,10621.9832128746,16248.7338072976,14614.8926907584,12103.113895932,10958.1557446163,9292.33800553653,7313.47969777121,5830.54350824867,4284.93998902135,3694.45229260808,2775.62076370805,2066.61695239753,1723.58523773438,1134.28476341798,984.903776745707,634.272679565197,1113.78558872831
"Embu","Runyenjes",154134.485968938,9106.96933970317,14616.154254271,22358.7248260936,20110.5124812123,16654.2326526685,15078.7373220007,12786.5242252619,10063.5583069402,8022.99547974318,5896.20060535579,5083.6725601632,3819.33396246964,2843.72433615993,2371.70283554725,1560.80844208938,1355.25591012806,872.777440709758,1532.60098842045
"Vihiga","Sabatia",136533.916320801,8067.04730577757,12947.1400857477,19805.5889002081,17814.099233001,14752.4909373288,13356.9009349425,11326.4349482285,8914.40367242778,7106.85208820934,5222.9152678041,4503.16955072308,3383.20538946821,2519.00032696726,2100.87881664375,1382.58020510723,1200.49965368545,773.115252614937,1357.59375191574
"Trans Nzoia","Saboti",219464.361584187,12966.956742617,20811.2087445247,31835.4665339723,28634.3497697817,23713.1263248186,21469.857566693,18206.0903394674,14328.995780626,11423.5407468092,8395.3042272933,7238.38630859096,5438.15801169325,4049.03641150447,3376.94867828396,2222.35683432575,1929.68089671633,1242.70401024368,2182.19365622545
"Kisumu","Seme",110849.666540623,6549.50453271836,10511.5725076526,16079.8355777791,14462.9774997444,11977.307508005,10844.250678166,9195.74836010108,7237.45938829837,5769.93764890281,4240.3999783152,3656.05013409764,2746.76944283809,2045.13540506638,1705.66934973166,1122.49438697492,974.666148010373,627.679702298109,1102.20829192289
"Kakamega","Shinyalu",184136.661126328,10879.6348633538,17461.1789566108,26710.8357395691,24025.0103573579,19895.9679594445,18013.8035107452,15275.4126595986,12022.423236702,9584.66621265568,7043.89213079834,6073.20604213537,4562.76477748967,3397.25338643358,2833.35321473434,1864.61876702949,1619.05557146371,1042.66298893723,1830.92075126862
"Embu","Siakago",103437.376873016,6111.55260836121,9808.6852304931,15004.6099787349,13495.867881558,11176.4095399917,10119.1178946113,8580.84754278096,6753.50533486917,5384.11376189972,3956.85313576093,3411.57756616895,2563.09860831207,1908.3813984472,1591.61474143262,1047.43549138977,909.492223327289,585.708049003095,1028.50588587391
"Kericho","Sigowet/Soin",122339.627113342,7228.38387624981,11601.1342306546,17746.5674911023,15962.1163462765,13218.7978555098,11968.2956719067,10148.9202494859,7987.64768938566,6368.01212365682,4679.93245580393,4035.01268043305,3031.48182480086,2257.1209337867,1882.46801940858,1238.84490612343,1075.69374657423,692.740926718286,1216.45608546476
"Bungoma","Sirisia",114374.797851562,6757.78538930498,10845.8511259861,16591.1905835175,14922.914786205,12358.1979791707,11189.1087981971,9488.18244207307,7467.61790385863,5953.42749152547,4375.24897877643,3772.31621954723,2834.11948428662,2110.17277573694,1759.9113571142,1158.19084176244,1005.66151554993,647.64055054298,1137.2596284067
"Bomet","Sotik",204442.182762146,12079.3778138143,19386.6963680898,29656.351584719,26674.34897699,22089.9797623895,20000.2611487484,16959.8964574379,13348.1862523588,10641.6075407036,7820.65164836213,6742.92393499298,5065.91997940192,3771.88276071802,3145.79895287136,2070.23809609125,1797.59561739944,1157.64180820781,2032.82405884976
"Kisii","South Mugirango",179806.028839111,10623.7613304888,17050.5168706371,26082.6348861118,23459.9762956025,19428.0431002472,17590.1444815109,14916.1566871074,11739.6729472106,9359.24850002404,6878.22980965751,5930.37287674552,4455.45504164724,3317.35482026455,2766.71677830846,1820.76558653596,1580.97768795213,1018.14103889774,1787.86010016156
"Homa Bay","Suba North",122442.101830482,7234.43855052482,11610.8516294799,17761.4324578082,15975.4866122822,13229.8702496567,11978.320614295,10157.4212377297,7994.33834193134,6373.34612913414,4683.85248372913,4038.39250750005,3034.02106944171,2259.01155446863,1884.04482148298,1239.88259345607,1076.59477443421,693.321183763299,1217.47501936387
"Homa Bay","Suba South",112714.920785904,6659.71227186084,10688.4494966085,16350.4090716911,14706.3443137611,12178.8482466788,11026.7256034011,9350.48413155176,7359.24326253424,5867.02770817402,4311.75268787291,3717.57005785029,2792.98900780344,2079.54865695539,1734.37044640539,1141.38246743515,991.066740155067,638.241594506952,1120.75502065788
"Migori","Suna East",106067.770996094,6266.96830576091,10058.1183538513,15386.1745456283,13839.0654048775,11460.6236496283,10376.4452654842,8799.05697180843,6925.24577609115,5521.03081862933,4057.4752082538,3498.33337776974,2628.27775070709,1956.91119847519,1632.08922163148,1074.07158990798,932.620449037828,600.602500665656,1054.66060788581
"Migori","Suna West",87394.6256713867,5163.67360257423,8287.39474996326,12677.4509570803,11402.7091296719,9442.99012238875,8549.68046618062,7249.99010623803,5706.06185649103,4549.05780693806,3343.15997843804,2882.45461512681,2165.57157774098,1612.39856420836,1344.76123375913,884.98215492561,768.433373037914,494.866916029627,868.988460594047
"Wajir","Tarbaj",131646.836767435,7778.29632721873,12483.7116183554,19096.6698919145,17176.4633805387,14224.441945812,12878.8055340743,10921.0178171622,8595.3225159508,6852.47022863184,5035.96682962794,4341.98360931222,3262.10731853278,2428.835514263,2025.68019797382,1333.09228567048,1157.52910490573,745.442452732947,1309.00019475756
"Taita Taveta","Taveta",79131.6152321487,4675.45720991729,7503.83593491071,11478.8199337589,10324.6027375426,8550.1717670323,7741.32299109014,6564.51610286541,5166.56359415612,4118.95227288881,3027.06999476161,2609.92352534355,1960.82053708689,1459.94907356848,1217.61638901072,801.308625477863,695.779328987812,448.078106514478,786.827107235028
"Busia","Teso North",128154.972610474,7571.98104601514,12152.5876337892,18590.1406144151,16720.866586156,13847.1459909453,12537.201888038,10631.3434762538,8367.33603828108,6670.71200514886,4902.39041792055,4226.81474306553,3175.58161156219,2364.41191029604,1971.95007995157,1297.73270328661,1126.82624495628,725.669977786408,1274.27964260632
"Busia","Teso South",159713.259048462,9436.58873064612,15145.1741382205,23167.9807908972,20838.3962181991,17257.0191361655,15624.500026021,13249.3221298331,10427.8006620111,8313.38131337521,6109.60881833196,5267.67197759058,3957.57166675491,2946.65063894303,2457.54470181362,1617.30064151046,1404.30830187387,904.366914408906,1588.0722418658
"Nandi","Tinderet",117624.751896858,6949.80751634486,11154.0354323516,17062.6284174288,15346.9486484547,12709.3555442061,11507.0467538047,9757.78866205644,7679.80988558233,6122.59382994007,4499.57145527345,3879.50639245371,2914.65084482956,2170.1332274938,1809.91914853201,1191.10077543765,1034.2373362032,666.0432237426,1169.57480272237
"Bungoma","Tongaren",210507.534545898,12437.7464967336,19961.8571876847,30536.1905815136,27465.7184877344,22745.341079436,20593.6250915273,17463.0594389741,13744.1977026464,10957.3207286913,8052.67325361315,6942.97171947783,5216.21472957664,3883.78626087504,3239.12791772752,2131.65752607028,1850.92634218995,1191.98650513627,2093.1334962898
"Siaya","Ugenya",130600.556945801,7716.47733715644,12384.4957474229,18944.8967019243,17039.9512737279,14111.3914012843,12776.4496044681,10834.2216521014,8527.01010731494,6798.00935813458,4995.94284875884,4307.47514752279,3236.1813096199,2409.53203799999,2009.58084938129,1322.49736677139,1148.32949650529,739.5179549202,1298.5967507864
"Siaya","Ugunja",98471.6859893799,5818.15691340408,9337.80226437428,14284.2876229642,12847.9753099155,10639.8665935029,9633.33206942168,8168.90905685659,6429.29158460056,5125.64003187903,3766.89753036835,3247.79886130156,2440.05260910058,1816.76623573475,1515.20651211823,997.151531876991,865.830469920118,557.590117097518,979.130674942953
"Migori","Uriri",125159.207473755,7394.97756053591,11868.5073705528,18155.5753844834,16329.9977173624,13523.4535398625,12244.1308384865,10382.8239885282,8171.74024453155,6514.77668672108,4787.79158494955,4128.0082434915,3101.34885658638,2309.14115001709,1925.85355181431,1267.39675681419,1100.48542718684,708.706634297398,1244.49193753339
"Vihiga","Vihiga",104438.746765137,6170.71811469109,9903.64241490783,15149.8685412579,13626.5204190951,11284.6075662149,10217.0803555787,8663.91811782822,6818.88553990781,5436.2369844708,3995.15914967465,3444.6048060572,2587.91178372787,1926.8563030983,1607.02305059618,1057.57563991949,918.296952885311,591.378246987376,1038.46277823834
"Taita Taveta","Voi",100642.16693275,5946.39883979338,9543.62307128083,14599.1372547518,13131.1662118573,10874.3870797642,9845.66684837622,8348.96549904996,6571.00394306724,5238.61772592367,3849.92626317764,3319.38578972192,2493.8354567858,1856.81080746724,1548.60420229465,1019.13042231484,884.914824130865,569.880337491452,1000.71235550098
"Wajir","Wajir East",156933.994977474,9272.37711685758,14881.6240824393,22764.8211722588,20475.7750666974,16956.7196272628,15352.6089394063,13018.7629065114,10246.3403881928,8168.71529046426,6003.29193282261,5176.00612872937,3888.70364159969,2895.3742433616,2414.77952543885,1589.15704471884,1379.87110967555,888.629495442054,1560.43726559491
"Wajir","Wajir North",214854.127260864,12694.563044559,20374.0327576297,31166.7066521652,28032.8349671879,23214.9904630011,21018.8455046145,17823.6394396007,14027.9900606551,11183.5692121844,8218.946118742,7086.33129262184,5323.91995253783,3963.97929104102,3306.00994093115,2175.67232627022,1889.14456070767,1216.59883015703,2136.35284625773
"Wajir","Wajir South",179800.833257092,10623.4543517757,17050.0241877196,26081.8812157833,23459.2984082602,19427.4817175614,17589.6362057931,14915.725677558,11739.3337236926,9358.97806001971,6878.03105988615,5930.20151575788,4455.32629912259,3317.2589636953,2766.6368326913,1820.71297463522,1580.93200483849,1018.11161922084,1787.80843908074
"Wajir","Wajir West",111955.771399021,6614.85825916448,10616.4614241732,16240.2869784002,14607.2952065866,12096.8221483154,10952.4591981836,9287.50742672836,7309.67781927507,5827.51252725182,4282.71248284444,3692.53174872108,2774.1778701292,2065.54263116117,1722.68923994367,1133.69511074528,984.391779086,633.942955854901,1113.20659245648
"Bungoma","Webuye East",118617.249389648,7008.44880080338,11248.1512712594,17206.5999510696,15476.4435703137,12816.5949075985,11604.1412417283,9840.12321006686,7744.61080489247,6174.25522711705,4537.53806787811,3912.24100235239,2939.24416901687,2188.44443965429,1825.19093604359,1201.15107959743,1042.96405355289,671.663182288689,1179.44347441445
"Bungoma","Webuye West",135962.619033813,8033.29245303486,12892.9655172262,19722.7166036331,17739.559903608,14690.7622601186,13301.0118088386,11279.0418774697,8877.10323624013,7077.11496921043,5201.06108385428,4484.32699045307,3369.04908228527,2508.46010303245,2092.08813370883,1376.79509074513,1195.47641686883,769.880315404829,1351.91318808075
"Nyamira","West Mugirango",176398.918792725,10422.453709197,16727.4298879531,25588.4000268558,23015.4376923043,19059.904827822,17256.8321984508,14633.5132872713,11517.2201301501,9181.90189047521,6747.8955486923,5817.99937549182,4371.02947632206,3254.49489833354,2714.29079130602,1786.26424772072,1551.02004415947,998.848479106157,1753.98228111333
"Taita Taveta","Wundanyi",65754.1280578375,3885.05417471804,6235.28519595623,9538.28370194318,8579.1911179751,7104.73415254565,6432.62420209542,5454.76079565965,4293.13723967919,3422.62842002015,2515.33280966983,2168.70646710724,1629.336698307,1213.13937621157,1011.77391278379,665.844489828069,578.155304476508,372.328873980781,653.811124880094
"Machakos","Yatta",163360.658719063,9652.0937603025,15491.047132686,23697.0720260812,21314.2863224706,17651.1207047379,15981.31946974,13551.8992199254,10665.9421721544,8503.23545851406,6249.13502501167,5387.97072517339,4047.95142407564,3013.94381568921,2513.66808060688,1654.23521953017,1436.37873652778,925.020100032753,1624.33932580348
